Metric,Value
MAE,0.03370458007790148
RMSE,0.06880057328602368
MAE_X,0.05062944890931249
MAE_Y,0.01677971124649048
