Metric,Value
MAE,1.2444220896065235
RMSE,1.3899854868152741
MAE_X,0.961170129776001
MAE_Y,1.527674049437046
