Metric,Value
MAE,0.040039345673285424
RMSE,0.07197367688367332
MAE_X,0.056364402202889324
MAE_Y,0.023714289143681525
